{
  "logistic_regression": {
    "brier": 0.16241118867315776,
    "ece": 0.01947270359178245,
    "hl": 2497.3680132500176,
    "hl_p": 0.0
  },
  "xgboost": {
    "brier": 0.16205996476440662,
    "ece": 0.021846967202080715,
    "hl": 2876.129245802582,
    "hl_p": 0.0
  }
}
