{
  "logistic_regression": {
    "pre": {
      "brier": 0.16315387348253976,
      "ece": 0.039765670276663195,
      "hl": 4151.452379974068,
      "hl_p": 0.0
    },
    "post": {
      "brier": 0.16241118867315776,
      "ece": 0.01947270359178245,
      "hl": 2497.3680132500176,
      "hl_p": 0.0
    },
    "delta_ece": -0.020292966684880745
  },
  "xgboost": {
    "pre": {
      "brier": 0.16222415213081498,
      "ece": 0.034488937844912616,
      "hl": 3741.362014282196,
      "hl_p": 0.0
    },
    "post": {
      "brier": 0.16205996476440662,
      "ece": 0.021846967202080715,
      "hl": 2876.129245802582,
      "hl_p": 0.0
    },
    "delta_ece": -0.012641970642831901
  }
}
