{
  "logistic_regression": {
    "brier": 0.16315387348253976,
    "ece": 0.039765670276663195,
    "hl": 4151.452379974068,
    "hl_p": 0.0
  },
  "xgboost": {
    "brier": 0.16222415213081498,
    "ece": 0.034488937844912616,
    "hl": 3741.362014282196,
    "hl_p": 0.0
  }
}
