decile,rows,pred_pd_mean,observed_default_rate,lift
1,35309,0.033824,0.047467,0.204083
2,35308,0.069365,0.092982,0.399774
3,35308,0.097823,0.129036,0.554789
4,35308,0.124095,0.165005,0.709438
5,35309,0.151725,0.19454,0.836422
6,35308,0.182505,0.231817,0.996696
7,35308,0.219267,0.273819,1.177283
8,35308,0.267791,0.319219,1.372482
9,35308,0.341063,0.369605,1.589113
10,35309,0.496195,0.502365,2.159914
