{
  "as_of": "2019-04-01",
  "total_loans": 1179687,
  "active_loans": 379053,
  "total_funded_amnt": 16997974550.0,
  "total_ead_12m": 1242617268.621659,
  "total_ecl": 403536500.5651313,
  "ecl_to_funded_ratio": 0.023740269723202482,
  "ecl_to_ead_12m_ratio": 0.3247472176310118,
  "by_stage": {
    "stage_1": {
      "count": 944678,
      "ecl": 147787069.2650262,
      "share_pct": 80.07869884130282
    },
    "stage_2": {
      "count": 583,
      "ecl": 714084.2130748099,
      "share_pct": 0.049419888495846775
    },
    "stage_3": {
      "count": 234426,
      "ecl": 255035347.08703026,
      "share_pct": 19.87188127020133
    }
  },
  "by_grade": {
    "A": {
      "count": 204038,
      "ecl": 6770585.7906491915,
      "ecl_per_loan": 33.18296489207496,
      "coverage_ratio": 0.002372516598281531
    },
    "B": {
      "count": 347299,
      "ecl": 42087099.16035977,
      "ecl_per_loan": 121.18404936484059,
      "coverage_ratio": 0.009189097898101102
    },
    "C": {
      "count": 332304,
      "ecl": 112109837.78412154,
      "ecl_per_loan": 337.3713159760988,
      "coverage_ratio": 0.023902544208763248
    },
    "D": {
      "count": 175155,
      "ecl": 95633470.59263638,
      "ecl_per_loan": 545.9933806778931,
      "coverage_ratio": 0.03578743967549023
    },
    "E": {
      "count": 84313,
      "ecl": 90484251.32137105,
      "ecl_per_loan": 1073.1945408344034,
      "coverage_ratio": 0.06054226460712718
    },
    "F": {
      "count": 29238,
      "ecl": 43527785.19849001,
      "ecl_per_loan": 1488.7401736948495,
      "coverage_ratio": 0.07820342728910278
    },
    "G": {
      "count": 7340,
      "ecl": 12923470.717503324,
      "ecl_per_loan": 1760.6908334473194,
      "coverage_ratio": 0.08593151706027786
    }
  }
}
