{
  "n_defaulters_initial": 234426,
  "n_defaulters_used": 234411,
  "n_dropped_ead_le_zero": 15,
  "n_capped_below_zero": 80,
  "n_capped_above_one": 0,
  "share_capped_pct": 0.03412590753585353,
  "lgd_summary": {
    "mean": 0.9029343354660415,
    "median": 0.9147454807314626,
    "std": 0.11405488269067747,
    "p25": 0.8774328900897979,
    "p75": 1.0,
    "p90": 1.0
  }
}
