shock_pct,portfolio_lgd,delta_vs_base,delta_pct_vs_base
-0.2,0.716709,-0.179177,-20.0
-0.1,0.806298,-0.089589,-10.0
0.0,0.895887,0.0,0.0
0.1,0.985475,0.089589,10.0
0.2,1.075064,0.179177,20.0
